{
  "assets": {
    "uris": {
      "jre-tar-gz": "https://downloads.mesosphere.com/dcos-commons/artifacts/jre-8u91-linux-x64.tar.gz",
      "executor-zip": "https://downloads.mesosphere.com/dcos-commons/artifacts/executor.zip",
      "scheduler-zip": "http://172.17.0.1:42968/scheduler.zip"
    }
  },
  "images": {
    "icon-small": "https://github.com/dcos/dcos-ui/blob/master/plugins/services/src/img/icon-service-default-small.png?raw=true",
    "icon-medium": "https://github.com/dcos/dcos-ui/blob/master/plugins/services/src/img/icon-service-default-medium.png?raw=true",
    "icon-large": "https://github.com/dcos/dcos-ui/blob/master/plugins/services/src/img/icon-service-default-large.png?raw=true"
  },
  "cli":{
    "binaries":{
      "darwin":{
        "x86-64":{
          "contentHash":[ { "algo":"sha256", "value":"245ccbad7266316ad52418d3920a4ee3db849b75e80159e4aef5704937881218" } ],
          "kind":"executable",
          "url":"http://172.17.0.1:42968/dcos-hello-world-darwin"
        }
      },
      "linux":{
        "x86-64":{
          "contentHash":[ { "algo":"sha256", "value":"d65a593a0e8e40dae8344a9f1d946a561cb76d2fe246f6d0764e5c43c3fefb19" } ],
          "kind":"executable",
          "url":"http://172.17.0.1:42968/dcos-hello-world-linux"
        }
      },
      "windows":{
        "x86-64":{
          "contentHash":[ { "algo":"sha256", "value":"ccab79c1986b909a0fe9d4728ee36d0aec627a98724c7897eef2f8ec5b203175" } ],
          "kind":"executable",
          "url":"http://172.17.0.1:42968/dcos-hello-world.exe"
        }
      }
    }
  }
}
